id,creation_date,post_id,post_history_type_id,revision_guid,user_id,text,comment
26,8/1/2008 12:30:58,34,1,c2579e01-1223-48a0-be40-3e7d393b4418,,Unloading a ByteArray in Actionscript 3.,
609,8/3/2008 2:06:00,601,1,c9cb74c9-06b5-4631-8ad3-86e343c12490,,Robust Random Number Generation in C++/C#,
761,8/3/2008 15:07:10,717,1,d042f07f-81fc-4483-a4b8-831e92287a5e,,VFP .NET OLEdb provider does not work in Win 64-Bits. Help,
1170,8/4/2008 6:51:20,1064,1,3812fba1-2900-4fe6-b3eb-e13d382c7c31,,How To Display 100 Floating Cubes Using DirectX OR OpenGL?,
1560,8/4/2008 16:30:46,1387,1,ea7320a7-5bc3-49bd-97ac-765381b02816,,What are the current best options for parallelizing a CPU-intensive .NET app?,
2825,8/5/2008 15:05:00,2447,1,64d35f1f-16b0-4d69-93ca-f0289b5ecbed,,Are there best practices for testing security in an Agile development shop?,
4864,8/7/2008 0:25:03,4170,1,97d13df9-2d55-4f1c-8f20-388df321a641,,How to learn ADO.NET,
8809,8/10/2008 15:48:24,7224,1,ae89d6f8-6f01-482a-8110-00fd127d08f0,,Change the width of a scrollbar,
9430,8/11/2008 7:26:47,7586,1,51d45a81-c0ac-41b0-ba16-2e85294df3f4,,XAML - In C#,
10647,8/12/2008 11:28:37,8692,1,5613addb-82ec-481f-b3c6-96c8c48bdb75,,how to use xpath in python,
11301,8/12/2008 21:06:39,9240,1,5a0df6b2-dc1c-42b1-8ecf-08a93cee0881,,Interfaces on different logic layers,
11622,8/13/2008 6:04:53,9501,1,630d751d-7b1a-4465-a6ca-71cf4213dd6e,,Replicating load related crashes in non-production environments,
12085,8/13/2008 14:25:58,9882,1,a126c349-d240-4528-943e-bd7752ae96ad,,Looking for algorithm that reverses the sprintf() function output,
12144,8/13/2008 15:11:09,9928,1,9723b438-743b-4f2b-befd-c93d8f3e4f4a,,How to setup Groovy + Eclipse + Junit4  ?,
12313,8/13/2008 16:55:58,10072,1,a4a033b8-1a48-4337-be77-23ea707d0c5b,,Personalized icon next to the URL address in the browser's address bar?,
12543,8/13/2008 18:46:45,10205,1,ba361e27-92eb-4c3b-b8cb-a232887cd964,,Delimited string parsing framework,
12612,8/13/2008 20:20:28,10324,1,7cb33525-0b9d-4cdf-a64c-e1d74e281e27,,Convert Hex to Decimal efficiently in C,
13300,8/14/2008 9:51:06,10848,1,66e55771-3a9b-4d1e-971c-d03be285b813,,How to programmatically send SMS on the iPhone?,
13683,8/14/2008 14:46:30,11141,1,f8828526-e51d-4105-8ec0-eec5e81d0dcb,,ASP.NET Caching,
15161,8/15/2008 15:06:32,12330,1,6c7b2623-e89b-430c-8811-c4481b0d6df0,,Progrmmatically list WMI classes and their properties,
15328,8/15/2008 14:01:15,12268,1,3cc032d7-7834-4215-bc9f-347dafca27a5,,Have you ever reflected Reflector?,
16510,8/16/2008 20:31:45,13345,1,15eab649-c848-4d31-8df4-a041d4f8656b,,Firefox plugin - sockets,
16645,8/17/2008 1:23:50,13454,1,039fd7d3-f599-4822-bfd6-fe901944bf0e,,Python version of PHP's stripslashes,
16733,8/17/2008 2:02:47,13471,1,964fbc3a-8d2c-47c8-8aca-52d7d7ebf127,,"Are there any ""mind mapping"" components for Delphi? (native VCL preferably)",
17050,8/17/2008 14:48:00,13655,1,a7439735-bdb3-4f7d-bda5-213eebc3d377,,C# .NET listing contents of remote files,
18398,8/18/2008 14:06:14,14656,1,d14481ae-d2d7-4f95-94a6-b0513c3e3172,,Can a proxy server cache SSL requests?,
18576,8/18/2008 14:38:28,14712,1,426e6bf8-99aa-4330-a56a-0ca810ca9b4a,,TortoiseSVN & Putty very slow,
18813,8/18/2008 17:11:15,14934,1,d4603225-8687-4ad6-95e6-e06445e8a866,,Parameter Binding: What happens under the hood?,
18923,8/18/2008 18:01:34,15007,1,c7c31473-e8c8-447b-ba3d-986df55925d3,,Executing JavaScript to Render HTML for Server-Side Caching,
18945,8/18/2008 18:17:13,15023,1,e92c65cf-6a96-4209-b145-cf16368eadbe,,How to get list of installed BitmapEncoders/Decoders (the WPF world)?,
19458,8/18/2008 23:58:11,15399,1,87991d40-9d07-42d1-a381-9ad16cda8dcb,,SQL With A Safety Net,
19483,8/18/2008 23:56:34,15398,1,cf5afbc9-55a5-4e2c-8204-9ddd72080bba,,DLL plugin that creates a parented window doesn't handle messages correctly,
21106,8/19/2008 18:31:32,16689,1,a09d4e0d-6045-47a0-8d92-8610dc8214a2,,Java and c# interoperability,
21143,8/19/2008 18:48:11,16727,1,cff2e51f-d19d-4edf-bfca-d492a1c9d489,,how to get locale information on a GWT application,
21415,8/19/2008 21:00:38,16945,1,ca981916-4e26-4a51-b9da-2bf5e5abe4e4,,What is the best way to rename (move) file system branches in .NET?,
22296,8/20/2008 8:38:25,17609,1,98992571-a65e-44be-a138-9ad76805014f,,Email queueing in php,
22727,8/20/2008 13:31:37,17955,1,b2d82f2d-d536-4fd8-b9d7-642e1d099e72,,"Solution deployment, CM, InstallShield",
22899,8/20/2008 14:39:13,18119,1,ff7c8922-7af0-4116-bd0c-c372b4a8fd02,,How to keep track of the references to an object?,
23049,8/20/2008 15:40:53,18250,1,5abd11af-d15c-4461-ae51-b993cb2d9cd4,,Creation Date of Compiled Executable (VC++ 2005),
23196,8/20/2008 16:30:52,18324,1,76e30e2a-1026-4506-a7f1-bccaf2b303fe,,Mixing 32 bit and 16 bit code with nasm,
24557,8/21/2008 7:58:10,19458,1,26f6be91-b785-40ed-be72-3ca1b67df3bd,,Which SQL?,
24902,8/21/2008 12:24:23,19713,1,27669ed8-7690-45b9-a48d-c620fc2d9e44,,"Interlocked.Exchange, but not for booleans?",
27993,8/22/2008 10:51:19,22059,1,597d06a0-3a39-40b1-b8a2-ed2c7941e855,,"Zemanta/Open Calais,  how do they do that.",
28168,8/22/2008 12:14:38,22181,1,3311403b-860b-4b08-b5a9-983d0b07580b,,ADO.NET Mapping From SQLDataReader to Domain Object?,
29412,8/22/2008 18:47:04,23169,1,c07417e1-77dc-4cd2-ae4b-043e2013a591,,"HTML using Groovy MarkupBuilder, how do I elegantly mix tags and text?",
31455,8/15/2008 6:52:00,12039,1,28d98b3e-b90d-4712-87e0-55d31e00fcff,,"Windows MiniDump files -- ""Symbols can not be loaded"" when trying to read with WinDbg",
32407,8/23/2008 21:40:11,24623,1,46105354-23d7-40a5-8b00-c7dadaf0e44d,,J2EE - DAO DVO,
33125,8/8/2008 18:04:04,6209,1,c32152cb-7571-46dd-a02d-e791e6f0ff5f,,Split a string ignoring quoted sections,
33147,8/20/2008 4:30:25,17411,1,a3e16abe-1646-4588-bc41-248ae73735e6,,How do you separate game logic from display?,
33156,8/24/2008 2:40:19,24812,1,d896a14c-8cc8-4fcc-a69f-f58dfbbaaf6d,,Reccomendations needed for good AI references,
33428,8/22/2008 17:10:30,22907,1,552694de-7f9b-4d7c-83f0-d7c29392171a,,"Which is better:  Ad hoc queries, or stored procedures?",
33443,8/24/2008 16:16:22,25142,1,1e5d03a3-868a-4e0f-b400-f35d88d28a65,,Stored Procude and Timeout,
34090,8/25/2008 5:04:31,25675,1,9befe088-e22a-4f5b-bd05-9b9de0b1e278,,MVC - where to implement form validation (server-side)?,
34296,8/25/2008 8:28:20,25771,1,9852e3f1-0b0e-47b5-93af-280225247230,,Output compile time stamp in Visual C++ executable?,
34446,8/25/2008 11:24:38,25871,1,64300da8-b044-4041-a311-ea602eadf498,,Webpart registration error in event log,
34739,8/13/2008 23:03:42,10458,1,1b49d402-3f9c-448b-9548-38938f87646d,,"Is there a ""Set"" data structure in .Net?",
35370,8/25/2008 17:26:47,26455,1,4f7084f9-964e-4789-a77e-7b8e0dd92946,,Does Design By Contract Work For You?,
35402,8/4/2008 13:38:19,1229,1,429f6330-b4b7-475b-8972-5503cfe4ebdf,,how to hyperlink to a specific slide of a .ppt file,
35464,8/25/2008 16:52:23,26383,1,8305addf-f726-4fd2-a6a3-ac64aa18cf6c,,Exception handling: Contract vs Exceptional approach,
35745,8/25/2008 4:59:25,25672,1,ccacea22-f834-42d6-b579-aeda5283bc60,,"Coldfusion - When to use the ""request"" scope?",
37402,8/25/2008 19:56:38,26732,1,ea01f3dd-1bab-4266-9fe1-617ca8a898b1,,Invalid <url-pattern> servlet mapping in tomcat 6.0,
37414,8/26/2008 8:32:51,27562,1,dfa728b2-71e5-492d-8c08-d43cb3e4b72c,,Oracle write to file,
37510,8/26/2008 13:23:38,28009,1,fb588cdc-9979-4236-b9c7-b85ffe68da5a,,When do you use table clusters?,
37864,8/26/2008 14:41:56,28235,1,e66b3535-5369-4ace-9bdf-610ec2bfdb6a,,Should I be doing JSPX instead of JSP?,
37872,8/26/2008 14:45:49,28241,1,f270d237-08d9-4513-961e-eeb6e18ca6f9,,Java Singleton vs static - is there a real performance benefit?,
37934,8/25/2008 22:16:10,27034,1,c8c6c354-eeb3-491b-a3ad-784f0d4210e3,,Javascript: declaring a variable before the conditional result?,
38651,8/9/2008 3:19:59,6579,1,ca62f35b-6fd6-472b-86e4-fd03e080a0c0,,Which Agile Software Development Method Have You Had The Most Success With?,
39010,8/26/2008 22:28:23,29100,1,7bca78e1-5f53-4c13-8c74-51283bc75275,,How are you generating tests from specifications?,
41234,8/27/2008 14:35:21,30295,1,0a504289-1aa2-47bf-9d05-95684a458df6,,Should you run one or multiple applications per tomcat cluster?,
43215,8/28/2008 9:47:18,31924,1,5c577741-0404-4765-a6c4-c5584171bdfe,,What are the best practices for JSF?,
43651,8/28/2008 12:31:53,32085,1,33c79d35-e5c0-468a-a623-455a8b7b0cfa,,XSLT Array Length,
44022,8/24/2008 16:08:47,25137,1,7d04ecc6-464f-4584-9af8-a5936becbf5b,,What Is Your Experience With Model Checking?,
44043,8/28/2008 15:14:30,32541,1,92df8272-6450-4502-8faf-dcc0b95ca686,,How can you clone a WPF object?,
44508,8/8/2008 3:38:58,5619,1,bb1e9304-9cca-41a6-820b-f4a1572970c8,,IE6 + SSL + AJAX + post form  = 404 error (?),
44567,8/28/2008 17:47:57,32897,1,74c8f98a-a93d-41de-8313-e94acd92c2cc,,Do Java multi-line comments account for strings?,
45377,8/28/2008 21:40:02,33465,1,1596fba5-4177-45b7-afbe-235813f6f16c,,Need a way to kick of a php script each time a particular account receives an email,
46136,8/29/2008 4:52:38,33971,1,d915840a-1840-4911-9d69-0b2b0365df51,,Standardised text editing behaviour across Mac applications,
46386,8/29/2008 8:02:04,34151,1,13ffafb7-b4b8-409a-814e-1ce11180aae1,,C++ Thread question - setting a value to indicate the thread has finished,
48281,8/29/2008 23:22:39,35463,1,c7e40fcd-5acf-4489-9d62-cb4f58a67b68,,How to divide two 64-bit numbers in Linux Kernel?,
48319,8/22/2008 12:51:03,22245,1,b40ee9e0-e291-4557-9ccc-70dc97bde26b,,How do I change my workstation in Team Foundation Server 2k5 and 2k8?,
48890,8/30/2008 3:11:47,35637,1,4aa525ac-eadc-4af1-83c3-84fe49de243c,,"MVC Route Help, 2 routes, 1 with a category url structure and the other for content page",
49203,8/30/2008 15:49:30,36058,1,9e9bdded-21b7-4e58-aa6a-ea60335280b6,,"How do I close a popup window, and open the next page in the main window in ROR?",
49728,8/30/2008 23:07:21,36455,1,1202c99c-894c-41a6-a516-ddad30624793,,Alignment restrictions for malloc()/free(),
49885,8/18/2008 20:32:50,15190,1,a2978c4f-6210-4b77-a6e9-3f47664250fc,,Changing CURRENT save/default directory in Delphi 2007 without using Save-As,
50046,8/22/2008 15:44:40,22696,1,f73db4e9-eaae-4ed6-9b98-1273a3d05e78,,How to filter by 2 fields when loading data into an access database table from an excel spreadsheet,
50078,8/1/2008 13:17:21,61,1,50000b2e-157d-4b71-ae87-175ac86add70,,"Office 2007 File Type, Mime Types and Identifying Characters",
50216,8/4/2008 14:40:58,1284,1,528bcf10-f04a-4190-bd0a-e0e00633c203,,Catching SQL Injection and other Malicious Web Requests,
50363,8/31/2008 2:08:48,36567,1,ca2f1935-f3cc-47e4-aaa1-539a54845519,,Beginner Digital Synth,
50549,8/31/2008 0:33:31,36511,1,5924d30d-f17f-47a3-8c13-4e196d2683bf,,VB.NET Get underlying system.type from nullable type,
53962,9/2/2008 6:57:32,38948,1,4f124711-67e4-482e-ac5f-b7e4aca2352e,,PHP and J2EE,
54033,9/1/2008 13:06:31,37912,1,f94b9c43-4f24-405b-bd19-2577c9b6ad37,,How do you use WebServiceMessageDrivenBean class?,
54108,9/2/2008 8:55:32,39053,1,1ee331b6-15da-4834-93c5-cd10e9154958,,Accessing Datasource from Outside A Web Container (through JNDI),
54125,9/2/2008 9:04:09,39064,1,44bcbc2b-1100-40e3-803b-6ee7928eb6cf,,Very simple C++ DLL that can be called from .net,
54887,8/4/2008 5:50:00,1041,1,36f3f514-9630-4cc0-930e-c29f211730dc,,Easy-to-Use Regular Expression Support in C++?,
54921,9/2/2008 14:17:42,39632,1,776cb913-b15f-4414-b3ee-ef5c6a65ab33,,[Best Practices] XSD: Nested Types vs Global Types,
55016,9/2/2008 14:48:29,39704,1,563175b6-434c-4636-95ec-3c1993c885aa,,WMI and Win32_DeviceChangeEvent - Wrong event type returned ?,
56787,9/2/2008 23:39:45,40923,1,21c01166-3ee7-42d7-ab4b-a62261ad1b86,,Saving Perl Windows Environment Keys UPCASES them,
56895,9/3/2008 1:07:49,40992,1,c95a1ab0-75b2-44b8-bc14-45bd9708a9ae,,How to use chrome to login to same site twice with different credentials  ?,
57718,9/3/2008 12:00:41,41513,1,ca62826a-80bf-48ce-a3ae-1105e52eadd3,,Recommended Source Control Directory Structure?,
58136,9/3/2008 8:59:00,41337,1,0a473e2d-fae5-4b3b-908c-f9f1070f38a3,,Unit testing in XCode 3.1 with Objective-C,
58997,9/3/2008 18:23:03,42262,1,14ce2ff1-33f1-4133-b9c7-15ed59142f95,,Twitching Consumption of Web Services from Web Site to Web Application,
59586,9/3/2008 21:58:04,42703,1,0d2d25f7-b5e2-48eb-812c-f88420784e6d,,sp_send_dbmail attachment encoding,
60345,9/4/2008 5:21:47,43211,1,bf274704-663a-409c-9442-8ce5d09c377b,,How do I change Simulink xPC target serial comm speed on the fly,
60359,9/4/2008 5:40:10,43223,1,18912a86-f6a3-496f-970a-f5b9643e551f,,Running a Simulink xPC block at a faster rate than the continuous rate,
61694,9/4/2008 16:04:15,44076,1,04ce6048-228d-465f-8ff5-ab5289854e98,,ASP.NET Merge: Virtual path 'obal.asax' is not allowed,
62094,9/4/2008 18:05:23,44352,1,3e0e6c14-4ae9-4e5d-9daf-564fb3efbbf4,,Iterate over subclasses of a given class in a given module,
62864,9/4/2008 22:39:53,44909,1,0fe8e984-7054-4efb-b526-3685633fecc1,,What essential design artifacts do you produce?,
63441,9/5/2008 6:09:52,45313,1,addc7a3b-9b3a-4cb0-bf8a-ff972589abdd,,Visual studio 2005 closes slowly,
63813,9/5/2008 10:13:16,45500,1,8bb0d8b2-dd4c-436e-bae4-9d42561edd9f,,Wacom tablet Python interface,
63897,9/5/2008 12:04:51,45611,1,ed711271-44df-4e90-8abd-0d7f3d3c845d,,Cascading deletes in PostgreSQL,
64495,9/5/2008 15:28:20,46034,1,906ea56f-8467-4463-8c81-e669364b76d8,,How do I lock certain SQL rows while running a process on them?,
64630,9/5/2008 15:58:17,46125,1,652dc28f-ec60-4581-88ed-1cf2302e7f98,,Can XPath match on parts of an element's name?,
65387,9/5/2008 19:23:10,46664,1,9c20bcf6-35bb-4d8d-b77d-8472bafd3378,,IBM DB2 Type 4 driver?,
65631,9/5/2008 20:36:28,46842,1,936265f8-8585-425c-9592-7c8e9a920e9f,,SQL Server Duplicate Checking,
65953,9/5/2008 23:34:32,47087,1,5c149c18-fab3-4b8b-b2b8-7415538d11b1,,How do you prevent SQL injection in LAMP applications?,
66011,8/19/2008 14:27:09,16265,1,e27d7a35-3c79-4691-a6b6-50b07403ca51,,LINQ to SQL Mapping From Money to Double,
66463,9/6/2008 13:07:50,47437,1,ffc0be0c-64bc-4f42-a96d-28e74a408952,,Which is a better refactoring tool for a beginner (something easy to learn & use)?,
68302,9/7/2008 20:50:01,48773,1,5db1d17a-9c80-4348-b9af-31ee8e135216,,Adding extra information to a custom exception,
68669,9/8/2008 2:09:21,49014,1,08936114-5802-4477-b7f2-0fe6fd5b138d,,Programmatically retrieve database table creation script in .NET,
68939,9/8/2008 5:51:35,49220,1,f97f4de0-ab14-45c7-a8be-f00fb46fb764,,How can I map a list of strings to my entity using NHibernate?,
69263,9/8/2008 10:41:05,49445,1,6fdfc6d0-cbf4-45a1-976d-e09c27a66748,,How to make a WCF service STA (single-threaded),
70051,9/8/2008 16:03:04,50042,1,9b6ef63b-4d6d-43e1-b1ea-7e6a68ff53b2,,Graphics card memory usage in linux,
70872,9/8/2008 20:52:08,50652,1,093390ed-4825-4af3-adb8-568081b9b590,,Global/session scoped values in PHP,
71149,9/8/2008 22:14:21,50823,1,5f7c5d62-784e-4456-8d63-e71b2c7e204d,,Best css generator lanugage?,
71164,9/8/2008 22:19:16,50831,1,5f52aea6-4e6b-4a7f-8b22-0cf5134dce6f,,How to push data to variety of different client types in near real time?,
71546,9/9/2008 2:07:26,51110,1,2f3f1337-90ea-409f-8f1f-e415a71d4038,,Get MIME type of a local file in PHP5 without a PECL extension?,
71781,9/8/2008 22:05:49,50814,1,8f9c38ea-947b-432e-9438-06ba7e51d66d,,Google Finance - Get Quotes search box - Column Alignment,
71791,9/8/2008 21:44:46,50769,1,78465f18-c690-4fa1-ab28-b9a880e77a7a,,What would it take to make OpenID mainstream?,
72097,9/9/2008 9:02:17,51429,1,d597177c-54b9-4db0-9578-d9d79cd8d43e,,Display data from XMLDataSource in TextBox,
72146,9/9/2008 9:20:37,51452,1,7c21d682-1b15-4036-a618-699cb5ad440c,,Bestpractice for Java IPC,
72424,9/9/2008 11:36:39,51658,1,7216b582-917b-41e5-b831-52f1be2b41c1,,Cross-platform space remaining on volume using python,
72512,9/9/2008 3:41:12,51179,1,ca1ef64a-f5c0-46e4-ba4e-d28ef0a486d2,,What are the alternative's to using the iThenticate service for content comparison?,
72657,9/9/2008 12:51:05,51781,1,334573f6-8d5a-4a96-849d-63a839d94db5,,haXe and arrays Dynamic type,
73108,9/9/2008 15:32:27,52169,1,52785793-3bfd-4af2-9c45-68db10b39574,,SQL Server2005 memory locking,
73529,9/9/2008 17:45:32,52447,1,bba4353b-c730-4f3b-aca9-2942ad874b7e,,Switching form VSS to CVS: what features are lost in Visual Studio?,
73777,9/9/2008 18:59:57,52626,1,7ac77e44-ccd6-4c71-8808-0fc291e939a0,,Automating DB Object Migrations from Source Control,
74005,9/9/2008 10:46:51,51572,1,91432c17-fb05-4330-add6-0d1c6e87db29,,Determine file type in Ruby,
74056,9/9/2008 20:29:15,52830,1,9d3d157b-f49a-41be-abd2-c6157d5b695c,,Inform potential clients about security vulnerabilities?,
74280,8/19/2008 16:03:46,16473,1,f15df746-4ba3-4eed-ab76-9b6413a3bb75,,Can using lambdas as event handlers cause a memory leak?,
74323,8/6/2008 17:27:20,3739,1,c5753e28-4d80-4363-8cd5-c999e80b6f2b,,Sharepoint: executing stsadm from a timer job  +  SHAREPOINT\System rights,
74327,8/11/2008 6:00:22,7558,1,745a36f7-2b89-48ba-b711-1cda04c52789,,ABAP Column Tree Model doesn't expand node after EXPAND_NO_CHILDREN event,
74549,9/9/2008 21:20:39,52933,1,93328b0f-70b7-4f4b-9077-bba6c87b3f10,,How can I modify a Work Item type to include additional information in TFS?,
74563,8/22/2008 18:16:40,23082,1,4e364270-08b6-4010-a2a7-f5822dacff1a,,How Did You Decide Between WISA and LAMP?,
74696,8/22/2008 15:48:44,22704,1,8e7ac6e3-81b5-4101-bf29-a9e6395bef4d,,How do you tackle web application performance improvement?,
74716,8/11/2008 15:37:31,7873,1,15e98f30-82b1-472b-b308-8a7c33c0072a,,Remove the bar at the top of Loginview for formatting,
74736,8/17/2008 16:18:54,13704,1,e656629c-773a-4b3b-8ac3-25b89fecbca6,,Suggestions for Migrating from ASP.NET WebForms to ASP.NET MVC?,
74764,8/28/2008 14:45:44,32460,1,ef01ec18-91db-497b-ac20-f46df0ccea48,,Get the DefaultView DataRowView from a DataRow,
75089,8/7/2008 12:53:19,4664,1,3e20a4a8-6f11-4e97-ba1a-1a5bb948c0dd,,Should the folders in a solution match the namespace?,
75306,8/23/2008 3:46:57,23931,1,bbabc37a-1766-4579-9383-7ac4379f61ff,,What algorithm to compare two images,
75661,9/10/2008 3:03:33,53353,1,98d1f913-9d72-45da-81a2-9442fe51a0cd,,Best way to hide DB connection code in PHP5 for apps that only require one connection?,
76443,9/10/2008 12:04:30,53841,1,c8219eac-5dca-45c6-a02d-0d540699ed71,,Can XpsDocuments be serialized to XML for storage in a database?,
76497,9/10/2008 12:26:12,53873,1,69de1898-8e93-4d49-90e6-4f23a610c4db,,Can a Linq query retrieve BLOBs from a Sql Database?,
76576,9/10/2008 12:51:00,53935,1,3da88bc8-a8fa-4d97-bb74-282514bba0b0,,SharePoint: Using RichHTML field type in a custom content type,
76670,9/10/2008 13:15:29,54010,1,55d7ed23-9865-44b4-95c4-c6ee9d6a909c,,Returning an element from a List in Scala,
77184,9/10/2008 14:54:21,54277,1,416ffb4e-1ce4-4744-808e-c97a94fa7ef8,,What do you use to create a website architecture?,
77190,9/10/2008 14:39:38,54230,1,71b27cb3-bc9d-43d2-b9ab-a62f1db8063f,,CakePHP ACL Database Setup: ARO / ACO structure?,
77491,9/10/2008 15:49:36,54487,1,ca8644a5-bd12-4692-ad78-27a55f665878,,Conditional Number Formatting In Java,
77675,9/10/2008 16:42:36,54626,1,0a4a688e-9026-4bb8-90fd-d458a4151c5c,,How do I get an XML file as XML (and not a string) with Ajax in Prototype.js?,
78112,8/25/2008 19:28:55,26688,1,ae52a473-e1d2-4281-bb9e-c4e9aec4ad90,,What Mature PL/SQL Libraries For Auto-Generating JSON Do You Recommend?,
78309,9/10/2008 18:41:19,54980,1,0d1ce3c0-1594-4c10-98fc-7c7653aae92d,,How do prepared statements work?,
78854,9/10/2008 21:45:54,55386,1,b5ae332e-bf07-4e41-8582-c6798e1c1a0b,,ant build.xml windows white space in path,
80450,9/11/2008 12:43:54,56445,1,8325005f-7ce9-4a87-baf3-fcad801212fb,,"asp.net mvc, ajax and progressive enhancement",
80556,9/11/2008 13:26:48,56521,1,4697623a-f76f-4780-b713-b362031f404e,,Windows Forms Designer upset by a control with a nullable property,
80853,9/11/2008 14:36:08,56698,1,3d8aaab3-0a74-45a3-826f-a90fc7c6b6f7,,Best way to get a list of differences between 2 of the same objects,
80968,9/11/2008 14:21:34,56659,1,eddfe88e-69eb-426f-8238-1df9832397aa,,Custom Counter Creation Through Web Application,
81083,9/11/2008 15:20:05,56865,1,28c6c8c1-fe59-44a1-94a1-89653293637e,,Calling a Web Service from Seam,
81175,9/11/2008 15:45:12,56946,1,8bf49f92-da95-4335-86b1-8c512ee70185,,Highlight parents in xml string,
81678,9/11/2008 18:16:47,57254,1,83873185-5b07-45df-9864-55b3a2d9838d,,How to keep ReadDirectoryChangesW from missing file changes,
81684,9/11/2008 16:36:20,57054,1,f55b1b12-7c0f-44f5-aa60-d9ee21aca990,,How to solve call ambiguity between Generic.IList<T>.this[] and IList.this[]?,
82263,9/10/2008 3:51:08,53387,1,53c03729-7ce2-4171-9790-80b33a9fe7e1,,Some Tomcat webapps not opening,
82519,9/11/2008 22:53:26,57849,1,ca3d12ea-9f7d-41e3-9674-1b25e69552b6,,.NET ListView row padding,
83017,9/12/2008 2:16:13,58174,1,41197176-b98d-4882-8ba2-64872543db2f,,Does anyone know where to find free database design templates?,
83535,9/11/2008 12:05:25,56373,1,784c97cc-c69b-4620-a3e8-047111b54d3b,,With emma why is a method call shown as not covered when the code within the method is covered with emma?,
83632,9/12/2008 9:33:56,58561,1,51217bd3-103c-45e8-860e-6b7a87e03b93,,Hibernate criteria _ how to use criteria to return only one element of an object instead the entire object,
83957,9/12/2008 12:01:53,58782,1,5070802a-53f0-425d-b624-6190f4efe604,,Copy files on Windows Command Line with Progress,
84092,9/12/2008 12:55:35,58878,1,aa22a1c4-ccaf-4af3-85f1-6c233146c3d5,,Should I use multiple assemblies for an isolated ASP.NET web application?,
84669,9/12/2008 14:27:54,59128,1,8b894dd8-562f-426b-9072-55fbb262750c,,What GUI should I run with JUnit(similar to NUnit gui),
84960,9/12/2008 16:25:35,59436,1,db35faf6-6660-48f5-be6f-bf93e86bcd2c,,Is it feasible to support multiple applications of the same type that are all written in different languages?,
85436,9/12/2008 19:19:17,59790,1,f8afa6a9-cd89-466e-9dcf-3da220112b5a,,Best way to transfer an xml to SQL Server?,
85489,9/12/2008 20:01:58,59829,1,e48c87bf-3653-4335-bb53-e1dadceab853,,Trouble with selected radiobuttonlist value on postback vb.net,
85506,9/12/2008 19:33:42,59806,1,6415e2bc-fac2-43f1-a0ef-69ce37cd61a5,,GWT context.xml in shell mode,
86156,9/13/2008 0:25:58,60204,1,a974f04f-8651-4c26-8e86-3ad69cd2f008,,Multiple permission types (roles) stored in database as single decimal,
86594,9/13/2008 10:51:22,60470,1,390ddcc7-2e11-4f5e-979f-ededf16dfabe,,Downloading Java classes from inside a (signed) applet,
86798,9/13/2008 15:18:54,60607,1,0e988117-cfea-4089-bad9-6bdf60237f75,,"In PHP5, should I use Exceptions or trigger_error/set_error_handler ?",
86823,9/13/2008 15:48:09,60629,1,fa825fab-f4a4-44d0-908f-55afb0e72af6,,How do you keep your keyboard clean?,
87483,9/14/2008 1:53:29,61052,1,cf3c51d3-29f0-4d1a-acfe-239cb7f77cf7,,How do you find out the ProductCode from a .Net Installer class custom action,
87625,9/14/2008 6:03:21,61156,1,c091ddb9-a64e-41dc-8f1f-63951c26b253,,Virtualbox host-guest network setup,
87960,9/14/2008 13:48:00,61339,1,110bf29f-c3a0-4f82-b3ea-9a0dda9cee48,,Getting user photo from SPUser using WSS Object model,
88573,9/14/2008 21:11:35,61655,1,7259348b-9b8b-4003-b73b-aaf0adeb1310,,Are there any JavaScript live syntax highlighters?,
88920,9/15/2008 5:20:04,61893,1,8c77e929-01d5-467e-9317-0e6da370a730,,'bad address' error from copy_to_user,
89562,9/15/2008 12:24:45,62317,1,d20ccbf6-fcf9-4f2f-9d8f-35c670b6802a,,PHP: How to expand/contract Tinyurls,
89693,9/15/2008 12:42:00,62423,1,34caa824-a845-488f-a706-6acb1e7df096,,How to update large XML file,
89733,9/15/2008 12:44:44,62447,1,2a0cdd7e-f7b1-4967-afee-55300de40fc6,,tomcat5 fails to start on CentOS 5 with NoClassDefFoundError exception,
89834,9/15/2008 12:52:51,62534,1,2942d673-a391-4b49-aa46-85532d6fac90,,"What is the lowest-cost, cross-platform approach to parse XML using ksh?",
89903,9/15/2008 12:59:49,62593,1,80736c30-08e3-4816-8a08-65cb7d4d127f,,reload a .sql schema without restarting mysqld,
89985,9/15/2008 13:05:44,62650,1,064e1bdf-27a9-4305-ad9c-c5c68a224b89,,Saving Java Object Graphs as XML file,
90152,9/15/2008 13:09:32,62689,1,100ffcce-dd02-4af1-8ad7-d26e20a3c178,,bitwise indexing in C?,
90238,9/15/2008 13:26:22,62850,1,29e4ce9b-b775-472c-bcc8-94e3465a519d,,using asynchbeans instead of native jdk threads,
90378,9/15/2008 13:38:14,62940,1,ef9b98f7-5022-4008-be02-248a25ef5ef6,,How do I get an auto-scrolling text display on .NET forms - e.g. for credits,
90535,9/15/2008 13:52:25,63067,1,7c420a3b-09cb-45d4-bce3-1f9758736e4e,,"Is there a way to tell WCF to use security in the request, but ignore it on the response?",
90550,9/15/2008 13:54:23,63081,1,ece21a04-8290-489e-8d54-722deb20002b,,Seeking a good solution for SVG + Javascript framework,
90603,9/15/2008 14:00:15,63123,1,17bffcd9-ffe5-4d5b-a6ee-a114e14d0230,,Any recommendation for a good enough Winforms GUI design?,
90819,9/15/2008 14:17:28,63303,1,176537a5-012e-400d-8d00-4d7204daf0a0,,C# :How do I know when the last OutputDataReceived has arrived,
90896,9/15/2008 14:24:49,63379,1,b6c2af21-171f-47e2-accf-a9bc2842b76b,,Passing impersonation token on a Managed Thread to an Unmanaged Thread,
90907,9/15/2008 14:25:40,63390,1,ecf4b77b-0281-4e6b-bd27-9738feee32d3,,Is there a way to build a Flash 9 SWF from an FLA file without using the Flash IDE?,
91238,9/15/2008 14:59:30,63671,1,4366d3bc-554a-4406-ac05-6e7707d8fea0,,Is it safe for structs to implement interfaces?,
91255,9/15/2008 15:01:29,63687,1,85b45560-e761-4d1a-a88c-c8decd4b6c9f,,Calling function when program exits in java,
91611,9/15/2008 15:29:02,63950,1,6b9f68ab-1f13-49e4-9ef5-56b44816018c,,How to make Emacs terminal colors the same as Emacs GUI colors?,
91720,9/15/2008 15:38:45,64032,1,cefb90f8-1d3d-421d-8065-2623138f83a1,,Can I write a plug in for Microsoft SQL Enterprise Manager which changes the query window background,
91729,9/15/2008 15:39:06,64038,1,cd8f4394-2e27-4506-8ce9-a79d0bf131ff,,Setting java locale settings,
91926,9/15/2008 15:56:45,64177,1,eae2b74e-0cee-4af5-ba40-df544d34d901,,"Looking for better End-to-End Comms with Flex, .NET and DBMS",
92044,9/15/2008 16:08:55,64279,1,767d2ea0-1869-4445-9442-32750fc91d71,,How do you tell IIS 6 to set the .NET version to 2.0 (not 1.1) When New sites are created?,
92112,9/15/2008 15:38:23,64029,1,33ef9c2a-740a-41de-b3e5-c6b2ec42b5ad,,Windows Form Ordering using MDILayout,
92246,9/15/2008 16:29:55,64445,1,428a97a7-098b-4b95-8a1d-c4eff820b2db,,.Net NNTP implementation,
92334,9/15/2008 16:38:43,64518,1,fd649f64-0f98-4e06-8b80-a2e35c62a300,,What's the purpose of the GtkWidget.events property for (like) GtkTreeView widgets?,
92387,9/15/2008 16:44:02,64562,1,de67ae57-0a0c-414a-886c-efeab35aa776,,Bluetooth parking,
92415,9/15/2008 16:46:02,64581,1,78c658f6-87f2-4fbf-abfc-6b524e6be836,,C# ODBC Dialog,
92425,9/15/2008 16:42:19,64541,1,ddac6ae8-ce84-4f58-bce1-e2b3527d3001,,Does the exe you get out of obfuscation programs vary in speed?,
92480,9/15/2008 16:51:12,64631,1,9241e2ae-150a-4136-a15a-20c493771353,,What does a PHP developer need to know about https / secure socket layer connections?,
92531,9/15/2008 16:54:54,64657,1,ba91bab2-2772-478f-884d-d30effc556c8,,jquery: JFrame plugin fails in IE 7,
92646,9/15/2008 17:04:46,64745,1,c0a7d1a5-c38d-4e19-b9a6-60bc667c169a,,moving to android  from j2me,
92698,9/15/2008 17:10:00,64786,1,29ed97fe-851f-44a4-b733-2cf9de002720,,Error handling in BASH,
92760,9/15/2008 17:14:38,64825,1,16dc05e6-4494-4d63-b422-255d94f24839,,struts2: how to substring in jsp?,
92865,9/15/2008 17:19:31,64848,1,dda5434b-6e25-483f-9d3f-4c8006ffeb8b,,Saple  code for using IBM's PCOMM in C# o write an as400 screenscraper,
92880,9/15/2008 17:26:19,64904,1,fea55918-76e6-4e77-807e-420fd5dc8d22,,parsings strings: extracting words and phrases [JavaScript],
92962,9/15/2008 17:24:03,64882,1,3c4194c1-8cbf-4ce7-906d-7c49109ab054,,How does Highrise handle e-mail addreses like:  dropbox@123456.foobar.highrisehq.com?,
92966,9/15/2008 17:24:54,64894,1,62ccb09f-bd8f-460d-a443-7e71b7f971ef,,"Is it possible to select from ""show tables"" in MySQL?",
93038,9/15/2008 17:40:03,65007,1,44c9e1e4-51d8-4d4b-8932-1238e18674a2,,akamai caching and site rendering,
93121,9/15/2008 17:42:18,65024,1,c012a7d9-4a4a-4cac-a697-f2106d729573,,ASP.net Membership Provider - Switching Between Forms and Integrated Auth,
93239,9/15/2008 17:44:13,65039,1,a4b5beb9-d3fd-457b-8438-c548f2dbbd69,,How can I use a traditional HTML id attribute with an ASP.net runat='server' tag?,
93337,9/15/2008 18:08:11,65250,1,c81bce87-c0d0-4832-a128-d7cdb83b2e45,,Convert a .doc or .pdf to an image and display a thumbnail in Ruby?,
93596,9/15/2008 18:27:54,65431,1,d8d2c3b7-95c5-409c-acf0-7c57a157ace2,,Detecting if WinHelp is Installed on Vista or newer Windows,
93654,9/15/2008 16:35:28,64495,1,1eb7ef71-0924-4e02-9380-638ba0234f40,,What are the most frequently used flow controls for handling protocol communication?,
93886,9/15/2008 18:55:48,65668,1,51d6ac30-b749-4467-8b15-89ee0fac3582,,why to use StringBuffer in java instead of the string concantion operator,
93935,9/15/2008 19:00:06,65704,1,ba81f266-d771-40f5-80c7-668f5acc3166,,How would I go about creating a custom search index much like Lucene?,
94059,9/15/2008 19:11:01,65805,1,858ebc9b-05f2-4003-8aeb-cb6feb5703f5,,Best design for entities with multiple values,
94116,9/15/2008 19:14:43,65849,1,9da13e71-a5dc-4b15-b0be-90399c5630e3,,How to insert line breaks in HTML documents using CSS,
94215,9/15/2008 19:25:42,65940,1,bd467f87-6a71-4721-8bf0-74e7c5a4b74f,,Importing Access data into SQL Server using ColdFusion,
94665,9/15/2008 19:56:30,66288,1,d1a5d9d7-03ae-4ec5-b2a0-61e0acfa21c9,,REST in Java,
94851,9/15/2008 20:07:25,66421,1,286619cb-45a5-46d5-9daf-aa9e1a138ec0,,Bluetooth Signal Strength,
94949,9/15/2008 15:20:29,63875,1,9a96b3f0-ab19-44b9-9b2f-69eb234755b3,,SQL Server 2005 has problems connecting to a website running on the same server.,
95024,9/15/2008 20:18:56,66528,1,35b36b42-2761-4d8a-be44-3564b9d31b6e,,JEE SqlResultSetMapping Syntax problem?,
95055,9/15/2008 13:36:43,62929,1,c0074419-4f68-46c9-99ef-8ee7f69cf152,,java.net.SocketException: Connection reset,
95288,9/15/2008 17:59:01,65173,1,043c6d03-5001-4964-a9aa-59f888e9fe8f,,PHP - command line arguments in WIndows,
95489,9/15/2008 20:56:06,66875,1,14708dfd-a407-4ac7-91c8-ea965b16c7d2,,"Java applet cached forever, not downloading new version?",
95500,9/15/2008 20:57:04,66882,1,7d8bdb74-ac11-42c5-8daa-4eb3e9766fa0,,Simplest way to check if two integers have same sign?,
95560,9/15/2008 21:02:00,66934,1,5d3c71f5-476a-4ff0-9884-0c648dc85a94,,How do you place a textbox object over a specific Cell when automating Excel?,
95593,9/15/2008 20:46:33,66777,1,2752117b-de3a-44cb-87b9-4223f2c980f5,,Trying to understand web services performance,
96076,9/15/2008 21:49:28,67347,1,49358168-0223-4c59-8ff8-ceab4731b1f1,,SQL 2000 equivalent of SQLAgentReaderRole,
96205,9/15/2008 21:57:31,67421,1,3a0e0d92-6544-4518-ae04-12b78cda4239,,Database design for a booking application e.g. hotel,
96276,9/15/2008 22:06:22,67499,1,48191c13-f76f-4fd3-9bfb-fb38517d33bb,,ASP.NET 2.0: Skin files only work when placed at the root theme folder?,
96409,9/15/2008 22:22:01,67588,1,ec1dd07b-4b0b-44ba-9323-a62786c1e03d,,Why do fixed elements slow down scrolling in Firefox?,
96460,9/15/2008 22:30:13,67627,1,e00c4b19-d4b6-49e8-9373-e2155ae218b6,,Is there a guide I can follow to convert my procedural actionscript 3 to OOP?,
96648,9/15/2008 22:54:57,67760,1,69921481-c2f8-4301-90d6-9e1c78c514c7,,Perl Sys::Syslog on Solaris,
96712,9/15/2008 23:06:46,67819,1,6c4e319c-3ab0-4f11-ba65-c89cc7246d20,,how to get the number of apache children free within php,
96969,9/15/2008 23:45:53,68012,1,e77c6a4c-37d4-4601-add1-536e3927f401,,I have a problem with inline vs included Javascript,
96996,9/15/2008 23:49:08,68029,1,638e66e9-f38e-40fe-b67e-108b07b560bc,,Got error 122 from storage engine,
97009,9/15/2008 23:51:29,68042,1,b35f4cae-c527-419a-8642-e90c0def9d53,,How do I convert jstring to wchar_t,
97197,9/16/2008 0:15:25,68165,1,86291844-0736-41a7-bfd7-8ba7f8883726,,JavaScript to scroll long page to DIV,
97280,9/16/2008 0:28:17,68243,1,a889250a-1bc4-42af-930a-6bc0f659f8f1,,"What's a good resource for starting to write a programming language, that's not context free?",
97291,9/16/2008 0:30:45,68247,1,4ac331fc-8334-4798-9af3-26dfe8fa4773,,What is a good tool to aid in browsing/following C code?,
97550,9/16/2008 1:12:57,68459,1,414abc34-bfda-40d8-a280-f54e2cecfef2,,Refactoring and Source Control: How To?,
97680,9/16/2008 1:27:28,68541,1,5e37e006-df41-45aa-afcd-fd639db35fa0,,libxml2-p25 on OS X 10.5 needs sudo?,
97692,9/16/2008 1:19:53,68495,1,c506ddf4-e659-4e35-a2ca-e8c5284aa119,,how to get through spam filters?,
97720,9/16/2008 1:32:02,68565,1,532aaeab-6808-4bf7-8c6b-36bc461101f3,,What XML parser do you use for PHP?,
97801,9/15/2008 20:31:20,66633,1,d96bfc51-37a9-4353-a325-994989120c63,,subversion tags and branches,
97847,9/16/2008 1:47:44,68651,1,8bd406fe-b105-475d-a02a-07bd28730f16,,can I get PHP to stop replacing '.' characters in $_GET or $_POST arrays ?,
97918,9/16/2008 1:56:28,68711,1,07bb7e90-01dc-4b89-913e-ac5dbc8d779e,,PHP: Can I reference a single member of an array that is returned by a function ?,
98026,9/16/2008 2:09:21,68792,1,e61539ff-ed80-4b73-947f-dc643eb8f182,,How does your company manage credentials?,
98082,9/16/2008 1:38:28,68598,1,839b5b3c-7593-499f-a83b-7a64ed8e079a,,How do I drag and drop files into C#?,
98385,9/16/2008 0:28:36,68244,1,3d4f70dd-d0d5-4d85-9c4a-5869defcb8a1,,What Causes Flash Error #2012 (Can't instantiate class)?,
98411,9/16/2008 3:04:34,69068,1,a5020cbc-fa28-485e-9947-e70b52ec56fa,,Long commands split over multiple lines in Vista/DOS batch (.bat) file,
98770,9/16/2008 4:07:42,69316,1,7ef97218-8e74-433e-a73a-4889a01c5715,,Biggest differences of Thrift vs Protocol Buffers?,
98881,9/16/2008 4:35:44,69411,1,cf726033-090e-4c9e-9edf-0e31c5f3c18e,,Remote Linux server to remote linux server dir copy. How?,
98963,9/16/2008 4:48:45,69459,1,20adf229-20f2-4914-be63-1b55671d2e00,,Server performance metric tools for LAMP,
99062,9/16/2008 2:19:57,68843,1,0e62d6ea-557d-4c30-8c28-19cf6bfe3cd1,,Why don't we get a compile time error even if we donot include stdio.h in a C program?,
99300,9/16/2008 5:41:56,69637,1,6e0fce1a-3070-406e-b512-dcdd5429da95,,Best way to serialize and Image,
99325,9/16/2008 5:13:01,69546,1,0bbc7997-6d21-4e8d-855a-0b8c5547431b,,Rewriting document content using document.write does now execute the javascript in IE6,
99347,9/15/2008 21:15:49,67045,1,90c96cfa-9d37-4f90-b7ef-803d7b9a0b72,,What advantages does jQuery have over other JavaScript libraries?,
99397,9/16/2008 6:18:09,69761,1,6c87d5bf-d77e-427d-b0cd-fb7d0e31ee17,,How to associate a file extension to the current executable in C#,
99643,9/16/2008 6:55:25,69926,1,c0a73a05-1a40-4787-8125-233c55b6912c,,Get the current mouse coordinates,
99825,9/15/2008 23:12:12,67859,1,4343753e-8e59-42a3-9045-55bf5c8762ba,,XSLT: Cannot get xslt to output an (&) even after escaping the character.,
99844,9/16/2008 0:26:57,68234,1,05b03f41-fd79-447d-8ae2-b31e5e7261aa,,MVC Retrieve Model On Every Request,
100059,9/16/2008 3:42:08,69215,1,574913db-d64b-4628-98b4-df1c4ab9b86e,,SQL Server: Column nullability inconsistency,
100080,9/16/2008 0:17:35,68178,1,6874f18f-ed23-4f47-9f60-657002b6205f,,Need a wiki where I can export to Word,
100156,9/16/2008 7:11:20,69998,1,e3c6dfba-09a1-4e3b-87f6-62443b559f1e,,Prevent vim from replacing spaces with tabs when autoindent is on,
100269,9/16/2008 8:21:04,70313,1,02283e68-1b1c-4139-9be2-eb054a8b64bd,,What is the best way to integrate TFS version control with XCode?,
100430,9/16/2008 7:35:17,70096,1,6a39b050-c016-4473-890d-7d90f4bdc298,,How do I convert mp3 to aac programmatically?,
100513,9/16/2008 8:56:58,70513,1,b67b99ec-3472-4bdc-b9c2-1301b9ce356e,,What is the easiest way to wrap a raw .aac file into a .m4a container,
100638,9/16/2008 9:11:28,70600,1,77b44962-c1ba-49fe-89ca-554f1652ca5b,,Logging image downloads,
100858,9/16/2008 9:41:37,70782,1,0c65e10e-0a4a-4b4b-842f-52a34d856bc0,,How to get a http file metadata?,
100912,9/16/2008 9:48:30,70816,1,d62e1754-1c0b-41aa-8297-b835863d60fc,,Using Asp.Net MVC with SharePoint,
101039,9/16/2008 10:02:50,70890,1,eb237336-e1fb-4339-b552-7a71dfe43544,,Extracting text from a PDF using JBoss Richfaces,
101100,9/16/2008 9:30:18,70724,1,2e62a5c0-4ad3-4f36-aae6-1e13ef7b3010,,Packaging up Tomcat,
101115,9/16/2008 10:16:35,70964,1,e39ffbe2-8993-4180-b999-9f063a455287,,Algorithm to determine Daylight Saving Time of a date?,
101136,9/16/2008 10:07:18,70909,1,c2395e7f-f632-4d99-9145-f4ade5ee26a3,,Hibernate mapping a composite key with null values,
101268,9/16/2008 8:00:20,70232,1,d1e9f181-f1d4-4d81-ad80-d7a56bde9035,,Multithreading or green threading in actionscript?,
101283,9/16/2008 10:40:26,71100,1,ac2f4b47-de01-455c-9e7b-effacfb0dd6a,,Tool to test Website accessibility,
101383,9/16/2008 10:51:46,71163,1,8dfbfb6e-afc2-4d95-b9a3-4525c3198da8,,Combined SVN FTP system?,
101469,9/16/2008 2:51:15,69016,1,19487fe6-4291-403d-9f4d-5eb969527000,,Actionscript 3 - Completely removing a child,
101501,9/16/2008 11:06:11,71248,1,a806b2aa-df85-4952-b4dd-cd4137800335,,debug an embedded system containing gdb remotely using some kind of gui.,
101707,9/16/2008 11:34:43,71413,1,2c0ded17-7d1a-460d-82ac-c0f590f49ec5,,SQL: Counting unique votes with a rolling votes-per-hour limit,
101775,9/16/2008 11:44:29,71468,1,fd1eec9b-046f-49a5-842a-8d467e73f0eb,,OCSP command-line test tool?,
101792,9/16/2008 11:46:03,71476,1,2cbe3335-f76d-41ce-886f-270ec014ee6d,,What are the options for extracting data out of Hyperion 7.3 with SSIS,
101796,9/16/2008 11:46:15,71478,1,ef3c6eaa-24ac-44a6-8a9e-4d44ce0e6682,,Defining class methods in PHP,
102282,9/16/2008 12:47:04,71820,1,630bbf9e-f897-473c-ba6e-a8c84d450a66,,Determine the size of a pipe without calling read(),
102388,9/16/2008 12:56:43,71899,1,887d8701-2a1f-4182-8302-f2b3c8e11dd4,,Accessing hidden embedded quicktime audio,
102484,9/16/2008 13:06:08,71979,1,89aae791-9ba8-4bac-bcfa-d22d1e186b8c,,Dataflow Programming - Patterns and Frameworks,
102487,9/16/2008 13:06:09,71980,1,0fc83369-dc1a-4809-926b-2e0633b8a2ea,,How do you efficiently copy BSTR to wchar_t[] ?,
102499,9/16/2008 13:04:14,71959,1,15ba256b-0219-4fde-a3c2-b8b0894732f0,,Other file doesn't recognizes other file's class C++,
102517,9/16/2008 11:07:29,71254,1,d7db077b-7a99-4112-9f57-378387d8ba1b,,Force Internet Explorer to use a specific Java Runtime Environment install?,
102555,9/16/2008 13:12:59,72032,1,81ec5f2c-3cd7-4a03-816a-79374b782309,,Creating cursor rsrc files on Mac from png,
102600,9/16/2008 12:36:02,71755,1,df35bb17-69c0-4262-a4f1-76b0c6c59d31,,Export ChartFX7 to SVG in Java,
102660,9/16/2008 13:21:40,72098,1,616f8354-ec4b-4ff8-9faf-5f31f4c16e87,,Any better way to create MediaWiki numbered lists?,
102698,9/16/2008 13:24:43,72116,1,9dc6912d-b171-4c67-9d60-b1761b902cc8,,Is it ok to have multiple threads writing the same values to the same variables?,
102810,9/16/2008 13:32:39,72201,1,24cafb85-ec4e-4717-a0c6-a35d6967801a,,How to compile a java application which uses Google webdriver from comand line without ant,
102911,9/16/2008 13:38:42,72271,1,4b75a1e5-25dd-4596-8550-5045bbedbd91,,"""No newline at end of file"" compiler warning",
103379,9/16/2008 14:09:29,72671,1,7c2f3c87-3fa5-40a8-8199-50295b682088,,"How to create batch file in Windows using ""start"" with a path and command with spaces.",
103441,9/16/2008 14:13:14,72723,1,f8674964-e6af-4be9-98f7-d9d4ad5a8f5f,,Can a svn repository include/link-to an external git repository?,
103511,9/16/2008 14:16:55,72773,1,87194631-eda8-4069-bc98-1fbae87f3b05,,Creating SharePoint 2007 list items via the Web Dav interface,
103784,9/16/2008 14:32:41,72958,1,600147e4-bb07-44bf-8cd4-473511183d81,,How to get reliable HTTP messages via Firefox XPCOM in Javascript,
103834,9/16/2008 14:35:19,72996,1,0d0dec33-9521-4219-bcbe-e37b6fdbf6e6,,Join multiple XML files with xinclude tags into single file,
103979,9/16/2008 14:44:37,73109,1,32cdfb57-88aa-4769-861a-a7afb16f6600,,MySQL Data Truncation Error,
104235,9/15/2008 18:02:02,65205,1,6081712a-9945-4517-b547-3a73fba9f292,,Linked List in SQL,
104242,9/16/2008 14:59:59,73288,1,5f6350b8-a172-45bb-8661-db87cfabb775,,"Access USB with Java, in order to find thumbdrive manufacturer's serial#/unique-ID",
104892,9/16/2008 15:45:31,73775,1,299adb6e-f598-4cd8-a398-841cf1f20ba6,,C# P/Invoke with Variants,
105136,9/16/2008 16:01:41,73950,1,c4e35bab-432a-47ef-a7e1-e43d883dd3de,,Combine PDFs c#,
105149,9/16/2008 16:02:27,73958,1,5e29f3bc-ae03-43d6-aee5-99303d3d8d10,,Change IP address via shellscript on Slackware,
105253,9/16/2008 13:14:47,72048,1,14188d7c-4ee6-4ed1-9194-1fd92bf22055,,.NET ActiveX Component in IE - How to Get Browser Reference,
105317,9/16/2008 16:12:36,74083,1,47d36481-fbf6-4910-bce0-514817441e54,,How do you detect and print the current drilldown in the CrystalReportViewer control?,
105334,9/16/2008 16:13:31,74100,1,76de2a4a-a331-4af8-88a0-05b703342faf,,generate thumbnail with white border VB.net/C#?,
105370,9/16/2008 16:17:11,74126,1,68a17e7b-8e49-44a3-ac3a-5d9304bf11cb,,How to force a reboot instead of shutdown (XP),
105464,9/16/2008 16:22:24,74188,1,27f5a7ef-1076-4b4e-b9ab-bd5bec31ecec,,WPF ListBox WrapPanel clips long groups,
105511,9/16/2008 16:26:03,74224,1,573d890d-c8e7-4acd-9bb4-2f2b50b9f531,,Is it possible to base GroupTemplate (.NET) on anything but a fixed record count?,
105539,9/16/2008 16:00:00,73930,1,95a00837-d9a2-4d7f-870f-673a6a4143fc,,Linux desktop shortcut and icon from install,
105568,9/16/2008 16:30:39,74258,1,e3eb93a4-8f6f-43db-a633-b432aeccc357,,Architect Database to Allow App To Use Windows Integrated Auth or FBA,
105702,9/16/2008 16:42:38,74368,1,eb93db28-3b73-478c-ad02-4f263267e518,,Outlook 07 2 column flexible layout,
105769,9/16/2008 16:47:07,74409,1,2470b3f5-bfb0-45af-a3eb-f5a0ba16c2ac,,Interactive world map - suggestions?,
105984,9/16/2008 17:01:05,74561,1,5782fb13-c35f-41fb-8801-65f6894d6799,,how to write static code analyzer for .net,
106036,9/16/2008 17:07:36,74614,1,b3a5a165-f117-43e8-9992-febde76eab01,,Delphi Out of resources,
106662,9/16/2008 18:00:27,75127,1,2a952c33-5368-41a8-acf4-d7d62bf28042,,How to make a web app appear at the root of the site?,
106678,9/16/2008 18:01:43,75139,1,e707d37f-68db-46f2-8f36-b94feff63488,,Best way to implement Google Customer Search on an aspx page,
106791,9/16/2008 18:09:18,75245,1,085a0c22-c7c5-4302-9a54-38fb93c5a0eb,,HQL querying columns in a set,
107586,9/16/2008 19:08:30,75829,1,b90d306f-b904-4e91-a998-e4451bd822c6,,Best way to access table instances when using SQLAlchemy's declarative syntax.,
107937,9/16/2008 19:36:18,76069,1,a6299c26-baa8-4d4e-93ea-5e2e237b5d59,,How to play WMV in a WindowMediaPlayer activeX controlled by a flash component?,
108409,9/16/2008 19:18:30,75919,1,1e331423-479b-4bd9-ad89-be6810f3cfd1,,Which type of external drives are good for SQL backup files?,
108452,9/16/2008 19:57:03,76268,1,0a238614-8d60-42f4-9342-06e7180b0240,,What in your opinion is the best free library for hadling SMS with a gsm modem?,
108486,9/16/2008 20:17:13,76472,1,a7d9a229-2833-4c8f-9d05-bb5d909c078a,,Checking version of file in Ruby,
108623,9/16/2008 20:14:37,76440,1,c4e5a506-645b-4c36-953f-df7f25f78b96,,Extreme Programming,
108636,9/16/2008 20:25:22,76581,1,32285161-4e08-45b9-b065-1c3a9f8d80da,,I have P & G-- how do I use the Wincrypt API to generate a Diffie-Hellman keypair?,
108813,9/16/2008 20:35:36,76724,1,fd39da28-7291-4ae5-86b1-aa0759c52740,,Get list of records with multiple entries on the same date,
108931,9/16/2008 20:41:15,76796,1,f8149ed4-4316-4b1a-8488-bd0c6f793fab,,Memory management in C++,
109055,9/16/2008 20:48:06,76882,1,65cdacdf-f2f1-43bc-8794-202a8cb8ac4d,,VBA resource for Python programmer,
109087,9/16/2008 20:49:44,76905,1,76114284-67ea-4f5f-b93c-cc2e10e48dac,,swfObject + scriptaculous Autocompleter = Fail,
109164,9/16/2008 20:55:25,76963,1,765ce155-6f42-4338-9309-632f28df54e3,,Looking for a simple C# numeric edit control,
109170,9/16/2008 20:55:34,76964,1,902bb017-88a5-4614-815b-e1bdb9ffd0fb,,Using Outlook API to get to a specific folder,
109479,9/16/2008 20:56:53,76983,1,8660443c-8b1b-4e53-89b7-f1d9a82e7cdd,,How to Setup a Low cost cluster,
109536,9/16/2008 21:21:33,77258,1,b9da49cb-19bc-474b-a785-b7131e613857,,Query points epsilon-close to a cut plane in point cloud using the GPU.,
109653,9/16/2008 15:50:19,73825,1,78efae35-6183-47da-8d1b-59cf643937b6,,.Net Remoting,
109960,9/16/2008 21:54:54,77598,1,3b66b7fc-ac1f-4821-b96a-e3edc6dcef29,,Getting java and flash to talk to each other,
110087,9/16/2008 21:48:02,77522,1,bb2de77b-a438-4558-967b-fdef52b7af02,,Multithreaded Debugger,
110098,9/16/2008 20:56:34,76976,1,e2b7e363-b8f4-499a-87f0-d1969250815e,,How to get progress from XMLHttpRequest,
110159,9/16/2008 22:04:40,77718,1,911907b7-33c9-44e4-9777-2404727ec434,,Java operator overload,
110427,9/16/2008 22:30:46,77960,1,a2c0d0f1-37af-46ca-9220-44a351f79441,,What to put in a session variable,
110480,9/16/2008 22:35:24,78004,1,50b9cce6-df37-4339-853a-8a7b58551e66,,How should I start when developing a system based on modules or plugins?,
110650,9/16/2008 22:34:16,77993,1,7c8e04b7-afdd-4b2b-b12a-8a0bece25ac9,,"How can you disable the Windows' ""X"" close button in the upper right-hand corner?",
110661,9/16/2008 22:40:30,78045,1,3e3be562-6a22-4d98-a82b-bd8c8720ec1d,,Spatial Data Structures in C,
110824,9/16/2008 23:11:31,78238,1,2e684a09-7647-44e9-b431-86c325b829b4,,OPENGL User Interface Programming,
110846,9/16/2008 23:14:45,78262,1,c91d9ae4-4c4a-4d11-ab4d-e514a0406911,,What workarounds/coping-strategies have you implemented to deal with multiple tabs v. two connection limit issues?,
110970,9/16/2008 23:02:11,78184,1,f292d9ba-eaad-4545-b7ff-78c4cde79601,,How do I create RAW TCP/IP packets in C++?,
110996,9/16/2008 23:31:13,78351,1,788a5eda-a500-4728-9051-035895066295,,Font rendering libraries for C# / dot-NET?,
111004,9/16/2008 23:17:42,78282,1,92684282-edc1-4df5-a015-36c4cdd78b67,,Reading files in use and system files on Windows XP & Vista using .NET,
111045,9/16/2008 23:35:16,78380,1,d869b3b4-e709-4ff9-83c6-d078b553624f,,Fighting with Protected Mode in Vista,
111058,9/16/2008 23:16:56,78277,1,6b04411e-9fcd-4b97-8165-655d55f3d33e,,How to guarantee 64-bit writes are atomic?,
111163,9/16/2008 23:54:58,78468,1,7a264bae-aa57-4673-820c-f24ac270de84,,Linq to Entity with multiple left outer joins,
111350,9/17/2008 0:16:28,78599,1,3b851b51-f166-46b7-816d-ef572dacba6d,,Verified channel to server from app on iPhone,
111659,9/17/2008 1:04:21,78811,1,8a55de94-74d1-4b6f-b013-518acb781456,,is there an effective tool to convert c# to java?,
111810,9/17/2008 1:07:26,78828,1,0ad39cef-90f3-448c-86e6-10d7331a3de1,,SQL 2005 Snapshot Security,
112011,9/17/2008 1:25:35,78916,1,b98ecf4d-60b6-4321-bcbb-e1a473d0c9d8,,Outlook + Perl + Win32::Ole: How do you select calendar entries sorted by date?,
112159,9/16/2008 23:45:40,78423,1,e2237935-8469-4e6c-a918-9ddb0e880375,,XCode: Using a custom framework,
112259,9/17/2008 2:20:49,79229,1,0307afea-8d45-4fc4-92ec-407fa7531948,,How often should Oracle database statistics be run?,
112297,9/17/2008 2:22:42,79241,1,9bfd4d8f-ad48-4f12-9dcf-35f1ecd740be,,How do you know what a good index is?,
112311,9/17/2008 2:26:19,79266,1,7197ade4-bcf2-4e54-8446-ee6c72a14657,,How do you interpret a query's explain plan?,
112434,9/17/2008 2:39:33,79367,1,e496f3fc-08b4-4b95-8169-945878a30719,,"SQL Text Searching, AND Ordering",
112639,9/17/2008 3:05:12,79537,1,0a6aa8fb-50e4-4c9e-ad49-1a23d6f3284b,,Which is the best Linux C/C++ debugger (or front-end to gdb) to help teaching programming?,
112809,9/17/2008 3:28:15,79658,1,23336825-15e2-4a39-a42d-01a2b7ae18e9,,React on global hotkey in a Java program on Windows/Linux/Mac?,
112918,9/17/2008 3:35:25,79693,1,9a65e986-35e3-42b9-b688-8ae5106a851c,,Namespace in C#,
113012,9/17/2008 3:54:55,79809,1,231f6ac0-4a2c-41ab-bc99-a1c70155d54a,,what is the difference between file modification time and file changed time?,
113068,9/17/2008 3:39:17,79709,1,0e7660d0-4b26-4085-a6b4-640c10a6244e,,Worse sin: side effects or passing massive objects?,
113201,9/17/2008 4:20:37,79939,1,5e3f5b31-022c-4c62-9b3d-36ffade50f11,,How to load Many to many LINQ query?,
113324,9/17/2008 4:36:00,80042,1,e5313c2a-b47c-4454-99a1-b4893c0f54a5,,Can you provide an example of a byte buffer transferred between two java classes via UDP datagram?,
113491,9/17/2008 4:59:58,80152,1,1d43ea23-9e8c-44aa-822b-f17d238e27c2,,MySQL Joins,
113534,9/17/2008 5:07:08,80186,1,13bf2455-a795-4a6a-b70b-236db612f5fe,,Using x_sendfile with Apache/PHP,
113572,9/17/2008 4:46:25,80084,1,6233a043-af91-4e52-8458-20ac202e19f7,,"In Javascript, why is the ""this"" operator inconsistent?",
113640,9/17/2008 5:20:43,80247,1,2db91a93-983d-465b-9146-3f964e82f749,,Implementations of interface through Reflection,
113770,9/17/2008 5:44:31,80347,1,f30da49b-9e11-4006-988e-9a0a0f7b2702,,PubSub lib for c#,
113773,9/17/2008 5:44:55,80348,1,07c7d502-e82d-4120-b8f2-3fd71a436e0b,,"In C++, can you have a function that modifies a tuple of variable length?",
113902,9/17/2008 6:07:58,80447,1,5fbe3826-6bb6-45a0-b9a0-a5fd828b4da3,,What are futures?,
114117,9/17/2008 6:47:29,80601,1,6bb06466-ac04-4800-bfd2-af188a41f5ee,,scanf() (and cin) statements skipped when using gcc.,
114193,9/17/2008 6:58:40,80657,1,7ed6476e-c92c-44c2-9da7-a95e1344599d,,makefiles CFLAGS,
114337,9/17/2008 7:21:38,80766,1,768097e4-f343-4617-b68a-9fdd454430f9,,How to convert Typed DataSet Scheme when one of the types was changed?,
114343,9/17/2008 7:22:10,80770,1,839c76e5-7966-4cac-8162-ec131719306f,,how XQUERY is actually used?,
114938,9/17/2008 8:18:50,81073,1,6bdb815e-d353-4b6f-a928-f53e774bd6c0,,Map 192.168.0.10 to 127.0.0.1 on windows,
115039,9/17/2008 8:29:32,81132,1,5ef70f52-5cf1-46b3-9f66-3917be2af2ff,,Read Firefox 3 bookmarks,
115049,9/17/2008 8:32:48,81150,1,a5babb49-f9da-4ae8-8c82-aee6c0ffd6b6,,Best way to tackle global hotkey processing in c#?,
115148,9/17/2008 8:43:48,81202,1,2c32e6d3-ebc6-4e01-8bc0-4f1f72e42af3,,Segfault on stack overflow,
115210,9/17/2008 8:50:24,81236,1,3efd6134-b85e-47fd-b12a-2870b3c4380c,,How can I view the allocation unit size of a NTFS partition in Vista ?,
115256,9/17/2008 8:57:17,81272,1,5314d61b-ae71-4828-add9-51d2e21d00a4,,Mac OS X Terminal: Move cursor word by word,
115328,9/17/2008 9:00:32,81294,1,38d082e8-8ea5-4b34-ae1b-cce8185ec4bc,,sizeof(bitfield_type) legal in ANSI C?,
115577,9/17/2008 9:38:31,81512,1,90ca4712-50ba-48c9-9d80-c603da175aa8,,Can't Drag Items Onto An Empty List Using Scriptaculous Sortables,
115682,9/5/2008 16:50:24,46281,1,5017ffef-3d46-40ff-bea5-d3076b68bd26,,How do DVCSs (DRCSs) work?,
115776,9/17/2008 9:42:58,81533,1,05243ed9-3ae0-4d87-aaeb-a0b4cceba6f1,,Database Design Lookup tables.,
115788,9/17/2008 10:02:24,81644,1,585c1957-5d10-4710-b71c-69eb0163354b,,How to timeout a mysql++ query in c++,
115959,9/17/2008 10:24:13,81791,1,858ac4ca-6a5c-4b78-b686-84481ebd4c79,,Does the VFW (Video For Windows) API support Alpha Channel Transparency?,
116152,9/17/2008 10:47:32,81945,1,e0198594-6855-4ae0-b118-f18ddeafaa1f,,Hide  google Toolbar  by javascript,
116346,9/17/2008 11:14:29,82093,1,9108ec4a-37f5-4418-9e6f-36eddd2b8adf,,Y-Modem Implementaion for .Net,
116749,9/17/2008 12:05:30,82361,1,e9182201-a764-483d-937b-9c28848841d4,,website or webapplication in.ASP.NET,
116790,9/17/2008 12:10:33,82398,1,c05c93fe-3778-4e85-8fb6-dde73976dd5f,,How to match URIs in text?,
117418,9/17/2008 13:00:28,82878,1,f509c4e9-ee3f-4fa5-980a-c16fee04dabc,,Does anyone use Iron speed designer for rapid asp.net development?,
117766,9/17/2008 13:24:03,83122,1,6c723e45-c5a7-4980-8541-7ec52d5b4f36,,WCF Oracle adaptor and UDT,
117772,9/17/2008 13:24:15,83126,1,e6ffb32a-751d-45bc-bf6e-be4189965535,,Consequences of changing USERPostMessageLimit,
117780,9/17/2008 13:24:32,83130,1,04e93813-7e59-4f7b-bcf3-b5086b6b97b1,,ORA-00161: transaction branch length 103 is illegal (maximum allowed 64,
118209,9/17/2008 13:52:13,83443,1,1703da56-3aee-4e07-8a34-cd2e4513c7c5,,How to Update to Revision using Subclipse SVN plugin?,
118293,9/17/2008 13:58:30,83512,1,46228045-ae27-4ede-9afb-574c770402cc,,C++ Class design from database schema,
118576,9/17/2008 14:15:57,83699,1,23565028-0818-4f0f-a758-e03d82b65019,,Does any one know any good resouces for creating Visual Slick macros?,
118625,9/17/2008 5:35:42,80319,1,bc9b89a8-a8b7-419e-b1cd-afc3c6e86fae,,"Convert 00:00:00 to hours, minutes, seconds",
119128,9/17/2008 14:40:43,83953,1,ec8423b4-b0de-4b54-8347-8e297b58acc2,,php problem,
119301,9/17/2008 15:08:09,84243,1,741bcb75-dd36-4312-aa7a-a9ef90f2ee08,,How to force browser to reload updated XML file?,
119357,9/17/2008 15:11:34,84285,1,70db4aee-095c-4ba7-b01a-4748d305086b,,calling thread.start() within its own constructor,
119423,9/17/2008 15:16:05,84331,1,c8d09271-c932-4f44-afbd-4d00bf99f68c,,Excel - Macro to conditionally copy rows to another worksheet,
119535,9/17/2008 15:23:30,84422,1,19fc2c1c-2eab-486a-aaf7-b3c377dda87a,,XSLT performance: call-template vs apply-template,
119791,9/17/2008 15:39:38,84626,1,fe76af2f-e364-4dce-a63d-32f62c50f197,,Passing EXE data down to one or more DLLs,
119818,9/17/2008 15:40:33,84644,1,7bf4a7a4-109f-4706-a3be-dca037461c2b,,Hibernate Query By Example and Projections,
120331,9/17/2008 16:26:09,85010,1,a2871086-69ed-491f-9ad7-18735db5ace9,,Object Oriented Update Approach,
120568,9/17/2008 16:45:27,85195,1,3c998469-2c7b-4701-978b-bff700900b00,,Best way to version control T-SQL?,
120894,9/17/2008 17:09:11,85450,1,2d0652d7-d71f-4828-b3a1-d49be4a97b4c,,SQL Server 2005 Linked Server to DB2 Performance issue,
120925,9/17/2008 17:12:26,85479,1,8823d0ab-d5a7-4a40-b869-a021fdcee0ac,,C# Unsafe/Fixed Code,
121375,9/17/2008 17:51:06,85816,1,49dfa330-9397-4d3c-9d5a-89d4d5ea20c7,,Force https,
121480,9/17/2008 17:01:26,85374,1,e782c1ed-a25a-4cca-9cb5-39a274369a3a,,World's First Programming _Language_ ??,
121637,9/17/2008 18:10:26,85996,1,8a99c3dd-a111-4044-a239-645bbf1d8076,,How do I create a folder in VB if it doesn't exist?,
121747,9/17/2008 18:19:11,86083,1,0528e25a-b380-44f3-8e99-057442f75ac9,,Any good recommendations for MP3/Sound libraries for java?,
121991,9/17/2008 18:44:34,86271,1,8f2666c6-7a4d-4bcd-8331-5dba938b3cd2,,How do you search for an XML comment covering N lines of a file?,
122404,9/17/2008 19:13:32,86539,1,fdc3fea0-876a-4644-92a7-15ae23dc907f,,How to Modify config file on clickonce deployment?,
122833,9/17/2008 19:48:18,86902,1,63c864e4-a746-434d-87a2-5e5aef3dd363,,Opening Javascript based popup ads on the same page.,
122848,9/17/2008 19:49:05,86913,1,e47b4a32-fe01-4cbd-9c9d-2150602f326f,,What's a good way to store raster data?,
122924,9/15/2008 21:11:30,67015,1,4117534b-1ba7-4259-a5b1-ab3c165e6fd5,,Using boost-python with C++ in Linux,
123064,9/17/2008 20:05:19,87062,1,87d45840-a798-42eb-877c-eb8abed6aa2b,,Color reduction (in Java),
123286,9/17/2008 20:24:11,87222,1,fc939161-89fe-4a5a-8c40-3a788312868b,,representing CRLF using Hex in C#,
123311,9/17/2008 20:25:06,87230,1,4d3f44b7-d0c8-49c2-a587-672e0a3beecb,,How to edit sessions parameters on Oracle 10g XE?,
123408,9/17/2008 20:30:13,87294,1,e7803156-9def-40b2-8cf6-9ccd0c630513,,How do I limit the number of simultaneous downloads in Asp.net and/or IIS?,
123547,9/17/2008 20:38:50,87408,1,57d5bdd0-5505-4be7-a4cb-04d2c5b87669,,get contacts from email account,
123958,9/17/2008 21:09:43,87694,1,1b80d5e7-e3f0-4fd4-b8ab-ccf1bb648961,,I'm using Wincrypt for Diffie-Hellman-- can I export the shared secret in plain text?,
123994,9/17/2008 20:57:02,87590,1,6b08894e-7769-4a68-ba0a-dc04b956ced3,,textboxes in Datarepeater dynamicly 'databound',
124028,9/17/2008 21:16:40,87760,1,fa541f27-ccda-4a59-aa6c-8e09d10df89b,,Why do some conversions from wmv to flv with ffmpeg fail?,
124041,9/17/2008 21:17:49,87769,1,1e8973de-7fb7-48b5-a8ed-efa7fc275bb9,,how to connect oracle?,
124127,9/17/2008 21:24:00,87818,1,ca26f565-5a5d-4853-9bef-57164e297f76,,passing or reading .net cookie in php page,
124189,9/17/2008 20:43:45,87468,1,093ccbd3-b1f2-4451-935e-6453152ec408,,How might I pass variables through to cached content in PHP?,
124270,9/17/2008 21:33:32,87902,1,2f8dbf4e-b2b4-4faa-99c7-1ec692c23410,,Desperately Need a Regex,
124711,9/17/2008 22:14:40,88243,1,53ae67a1-248a-41c0-821b-afad6385807d,,Files not extracted from .jar file when run,
124727,9/17/2008 16:09:15,84884,1,7d8b6630-b36b-48e8-9cd6-6a4a315ba998,,JMS (esp Tibco EMS) can I have an environment with in a message broker,
124736,9/17/2008 22:16:44,88259,1,cc805143-6b9f-45dc-a0a3-1a171c6e496f,,How do you configure django for simple development and deployment?,
124754,9/17/2008 21:48:52,88030,1,a8d4599c-13a0-416d-b66f-c84192026360,,C#: Import/Export Settings into/from a File,
124887,9/17/2008 22:34:25,88381,1,da73ff3e-d629-499a-8471-c196899a9977,,SQLServer tempDB growing infinitely,
125012,9/17/2008 22:48:40,88471,1,66a6a879-0625-45c0-acc1-06011656fce5,,Is there a plugin in Eclipse for applying tags to files ?,
125158,9/17/2008 23:05:00,88546,1,fef01cd9-b5a6-46a8-bb74-f29da119dd1d,,"Perl: why is the if statement slower than ""and""?",
125180,9/17/2008 22:45:41,88455,1,1a8125e5-4459-462a-8f10-2c1e3a27c965,,How do I represent features v. tasks in FogBugz 6?,
125261,9/17/2008 23:17:12,88613,1,66a7b7e9-eee8-4edd-a842-507e3a1cc329,,How do I split a string into a list Python?,
125289,9/17/2008 23:23:40,88646,1,fdabcaa3-1551-491d-aa4f-7f3e5919c6aa,,Kerberos Delegation for Clients Ouside the Firewall,
125477,9/17/2008 23:51:53,88773,1,d15c32d0-355b-4e67-9e44-517295436106,,Flatten XML to HTML table using XSLT,
125557,9/18/2008 0:09:18,88831,1,6bf516ee-d167-46e7-b83b-b6195dcc3ddf,,Code in PHP for the ceiling function,
125565,9/18/2008 0:10:55,88836,1,8cb847ed-4905-4bb7-919c-b2095e1e95a8,,PDF Imposition in PHP,
126167,9/18/2008 1:18:45,89149,1,0002dd2a-71e5-4d93-a3c7-3a9be6a75095,,C#: Why does Settings PropertyValues have 0 items?,
126834,9/18/2008 3:29:50,89752,1,e2eaae9c-d339-469e-ab11-45beea3c859e,,Hierachy recordset in ms access,
127436,9/18/2008 5:12:45,90217,1,d206d70a-d8e3-4d1d-a259-7364b2dba9c9,,What is the best way to connect remotely to a mac,
127604,9/18/2008 5:33:18,90308,1,f6fdc540-7608-44df-b243-51fc478b9a9b,,"What languages do date, time, and calendar operations really well?",
127639,9/18/2008 5:35:47,90313,1,6ef5ee9d-dd98-4e41-b779-7d47524ca9f9,,Track installs of software,
127755,9/18/2008 6:07:21,90428,1,d3e71d34-4278-4f9f-9108-81eb8bc5a285,,Is there an ldap C/C++ library that provides fail over?,
127875,9/18/2008 6:34:13,90517,1,bd9dee97-a30a-4c26-907e-231cf1313d48,,Should I mysql_real_escape_string all the cookies I get from the user to avoid mysql injection in php?,
127911,9/18/2008 6:24:52,90493,1,b52c387b-4f79-4607-bf04-129d29c82fa4,,long to HWND (VS8 C++),
127968,9/18/2008 6:51:07,90586,1,ea8e496e-417c-44e9-96d8-a69b1bd216a4,,Create Web Client Solution dialog closes on click or tab out of default field without messages,
128065,9/18/2008 5:50:14,90365,1,fdf01e23-ab42-481d-8c9c-b2a8070ec13a,,Is it possible to increase the 256 character limit in excel validation drop down boxes?,
128076,9/17/2008 20:50:16,87535,1,3d6ef007-54a7-4e41-8773-880ce99bf5da,,Sharepoint custom content feature with Word Quick Parts and Document Information Panel,
128093,9/18/2008 5:58:46,90401,1,5be7fbbf-98ca-43d7-96af-c4246fa6471e,,How to Create PCL file from MS word,
128165,9/18/2008 7:28:45,90713,1,61d99b7d-19d9-4ced-b9ee-db1614930581,,re-rendering of combox store in Gwt-Ext,
128326,9/18/2008 8:01:02,90829,1,1d97afa4-b51b-417f-92dd-df48f83a4428,,How to check PDF-A 1b compliance with open source tools?,
128397,9/18/2008 7:24:44,90704,1,f10a008e-e167-4433-ba27-bb24a8def04b,,keyboard scancodes,
128415,9/18/2008 8:18:08,90891,1,8ca0861d-4f43-445c-ba38-50db36d60262,,Control Fujitsu Softune debugger,
128787,9/18/2008 9:19:23,91150,1,0c0263e1-ac20-4c08-879c-04bc2f73132f,,Mysql stored procedure,
128849,9/18/2008 9:28:00,91196,1,462e2053-9c73-4db7-b0e2-8185b8720e2a,,Delete DataGridView line,
129089,9/18/2008 9:46:30,91275,1,b2dbc40c-c498-432a-b8c0-b33667ff076f,,Is WebRequest The Right C# Tool For Interacting With Websites?,
129124,9/18/2008 7:20:55,90693,1,79c601c3-fb26-4fb3-a40c-fb7ec033aa85,,Problem with TVN_SELCHANGED on CTreeCtrl object,
129223,9/18/2008 10:18:23,91434,1,5fde767b-c5b2-4087-81c9-ee42973c3e56,,javascript message box,
129227,9/18/2008 10:27:07,91479,1,fa4b1c84-f462-43b3-9ce9-641a30f98e49,,How to change default order of Group By clause in mysql,
129289,9/17/2008 16:23:45,84992,1,696bb074-e9d9-4ca3-bbee-e1c48436c8d6,,Change default port when registering a new SQL 2000 server,
129294,9/18/2008 10:04:05,91355,1,a034a9ef-6d59-41fc-b483-7266690f3fe3,,"GnuPG: ""decryption failed: secret key not available"" error from gpg on Windows",
129303,9/18/2008 8:19:35,90899,1,05d1b890-d143-4c95-a171-1a4a2c8dbe2f,,.NET: Get all Outlook calendar items,
129599,9/18/2008 11:19:54,91721,1,19a37a37-18ce-4128-8e49-e1ddac726577,,iframe sizing,
129797,9/18/2008 8:41:42,90988,1,a70b7009-9067-45f7-93e6-dbfb81c9a602,,Eclipse 3.3.2/MyEclipse doesn't recognize xml as ant files,
130302,9/18/2008 12:43:34,92196,1,586f1c13-8b17-41b3-b97f-996861fb67f4,,why does my D2009 exe produce emails with attachments named ATTnnnnn.DAT,
130603,9/18/2008 11:21:05,91731,1,22786807-9905-4512-881c-a433504af702,,JIRA - Updating summary from post function,